{"count":1,"self":1724.8137216,"total":33869.1877977,"children":{"InitializeActuators":{"count":24,"self":0.0019932,"total":0.0019932,"children":null},"InitializeSensors":{"count":24,"self":0.0049869,"total":0.0049869,"children":null},"AgentInfo.ToProto":{"count":50361,"self":0.28023529999999996,"total":2.7988796,"children":{"GenerateSensorData":{"count":50361,"self":2.3201792,"total":2.5186443,"children":{"RayPerceptionSensor.Perceive":{"count":100722,"self":0.19846509999999998,"total":0.19846509999999998,"children":null}}}}},"AgentSendState":{"count":5110284,"self":450.0970496,"total":1449.1901544,"children":{"CollectObservations":{"count":23507311,"self":57.80592,"total":57.805919599999996,"children":null},"WriteActionMask":{"count":23507311,"self":13.4226496,"total":13.422649799999999,"children":null},"RequestDecision":{"count":23507311,"self":49.344137599999996,"total":927.864552,"children":{"AgentInfo.ToProto":{"count":23507311,"self":43.0145248,"total":878.520415,"children":{"GenerateSensorData":{"count":23507311,"self":765.0332672,"total":835.5058917,"children":{"RayPerceptionSensor.Perceive":{"count":47014622,"self":70.4726208,"total":70.4726232,"children":null}}}}}}}}},"DecideAction":{"count":5110284,"self":26207.780864,"total":26207.780062899998,"children":null},"AgentAct":{"count":5110284,"self":4480.1773568,"total":4484.5969594,"children":{"AgentInfo.ToProto":{"count":67646,"self":0.3788796,"total":4.4197697,"children":{"GenerateSensorData":{"count":67646,"self":3.7685676,"total":4.0408900999999995,"children":{"RayPerceptionSensor.Perceive":{"count":135292,"self":0.27232239999999996,"total":0.27232239999999996,"children":null}}}}}}}},"gauges":{"SmallWallJump.CumulativeReward":{"count":45370,"max":0.9825,"min":-1.97851777,"runningAverage":0.819152951,"value":0.958,"weightedAverage":0.958936751},"BigWallJump.CumulativeReward":{"count":67973,"max":0.9615,"min":-1.99951875,"runningAverage":-1.003711,"value":0.880999863,"weightedAverage":-0.288020134}},"metadata":{"timer_format_version":"0.1.0","start_time_seconds":"1645779263","unity_version":"2020.3.25f1","command_line_arguments":"C:\\Program Files\\Unity\\Hub\\Editor\\2020.3.25f1\\Editor\\Unity.exe -projectpath C:\\Users\\mloufakis\\MyUnity\\ml-agents\\MlAgents-Projects -useHub -hubIPC -cloudEnvironment production -licensingIpc LicenseClient-AJ1TyC94XqgGsGYQXqvNo -hubSessionId 8b469740-93ac-11ec-8877-973bca43cd27 -accessToken TRFKsGE-iav9LkvO20psK0NB8cXP-AlvxUaW8n_FUmg008f","communication_protocol_version":"1.5.0","com.unity.ml-agents_version":"2.2.1-exp.1","scene_name":"WallJump","end_time_seconds":"1645813132"}}